tag,count
медитация,258
медитация перед сном,145
лучшая медитация,77
медитация для сна,75
гипноз,71
медитации,70
медитация для начинающих,69
музыка для медитации,58
музыка для сна,46
саморазвитие,46
исцеляющие медитации,45
медитация очищения от негатива,41
расслабление,39
йога,36
лечебная музыка,31
утренняя медитация,30
исцеление,30
любовь,28
здоровье,27
снять стресс,27
исцеление звуком,27
сила мысли,27
релаксация,26
медитация на деньги,26
аффирмации,25
освобождение,23
как медитировать,23
meditation,22
медитация для успокоения нервов,22
сон,21
очищение,21
эзотерика,21
стресс,20
медитация утренняя,20
психология,20
уроки медитации,20
гармония,19
медитация очищения,19
исцеляющая медитация,19
вечерняя медитация,19
исцеляющая музыка,19
медитация на любовь,18
мантра,18
осознанность,18
денежная медитация,17
гипноз для сна,17
медитация исцеление,17
чакры,17
как правильно медитировать,17
музыка для души,16
духовные практики,16
релакс,16
как начать медитировать,16
meditation music,15
счастье,15
йога нидра,15
садхгуру,15
медитация на здоровье,15
медитация онлайн,14
путешествие в подсознание,14
молитва,14
ливанда,14
спокойствие,14
эзотерика и самопознание,13
медитация слушать,13
исцеление нервной системы,13
медитация для женщин,13
медитация благодарности,13
подсознание,13
шавасана,13
успех,13
водена медитация,13
лучшая медитация для женщин,13
успокаивающая музыка,12
музыка рейки,12
привлечение денег,12
сила в мысли,12
исполнение желаний,12
имрам крийя,12
исцеление во сне,12
медитация утром,12
медитация любви,11
космическая музыка,11
медитация от стресса,11
медитация видео,11
slovo illaya,11
елизавета волкова,11
медитация для расслабления,11
лучшая медитация на привлечение любви изобилия и счастливых событий,11
вселена медитация,11
реалити шоу вместе,11
медитация для пробуждения,11
пробуждение сознания,11
медитация на удачу,11
музыка для массажа,10
relaxing music,10
relax,10
терапия,10
божественная медитация,10
восстановление нервов,10
привлечение любви,10
елена вальяк,10
спокойная музыка,10
елена балацкая,10
медитация вдохновения,10
слово иллая,10
любовь к себе,10
мотивация,10
джо диспенза,10
психолог,10
ранкова медитація,10
магия,10
исцеление нервов,9
музыкальная терапия,9
как снять стресс,9
мощная медитация,9
йога для начинающих,9
хоопонопоно,9
аффирмация,9
саблиминал,9
управляемая медитация,9
relax music,8
звуки природы,8
healing music,8
антистресс,8
расслабляющая музыка,8
медитативная музыка,8
мантра ом,8
дзен,8
асмр,8
денежный поток,8
doctoronline,8
деньги,8
медитация для начинающих в домашних условиях,8
психология отношений,8
очищение от негатива,8
медитация на женскую энергию,8
развитие,8
рейки музыка,8
music for meditation,7
нервы,7
борьба со стрессом,7
медитация изобилия,7
медитация деньги,7
космос,7
медитация на исцеление,7
медитация от страха,7
гипноз от бессонницы,7
медитация здоровья,7
перезагрузка,7
медитация на хороший день,7
медитация с сопровождением,7
снятие стресса,7
ночная медитация,7
избавиться от стресса,7
глубокая релаксация,7
андрей ракицкий,7
как стать богатым,7
самопознание,7
сознание,7
семейный психолог,7
аффирмации для женщин,7
самогипноз,7
медитация на исполнение желания,7
кундалини,7
рейки,7
утренняя медитация благодарности,7
медитация ночная,7
мантра здоровья,7
отношения,7
healing,6
лечение нервов,6
музыка для здоровья,6
sleep music,6
медитация на исполнение желаний,6
снять негатив,6
снятие тревоги,6
как избавиться от стресса,6
музыка космоса,6
поющие чаши,6
мантра исцеления,6
музыка для шавасаны,6
медитация от бессонницы,6
медитация от тревоги,6
музыка,6
гипноз на деньги,6
ливанда медитации,6
практика благодарности,6
сеанс гипноза,6
медитація перед сном,6
медитация вечер,6
духовность,6
мантра любви,6
ошо,6
доктор ракицкий,6
ракицкий гипноз,6
привлечение богатства,6
богатство,6
изобилие,6
мастер имрам,6
крийя,6
медитация на изобилие,6
визуализация,6
медитация релаксация,6
исцеление души,6
волшебная медитация,6
медитация для хорошего дня,6
медитация на ночь,6
тревога,6
концентрация,6
дада,6
уверенность в себе,6
буддизм,6
мудрость,6
утренняя медитация 5 минут,6
медитация осознанности,6
медитация 5 минут,6
глубокая медитация,6
yoga,6
медитация и здраве,6
медитация на вечер,6
медитация вечерняя короткая,6
психология человека,6
это нужно знать,6
интересные факты,6
факты,6
советы,6
психология общения,6
семья и дети,6
воспитание детей,6
как построить счастливую семью,6
психолог для пар,6
как сохранить брак,6
идеальное здоровье,6
как прожить дольше,6
секреты здоровья,6
качество жизни,6
заработок,6
богатый папа,6
образ мышления,6
общение,6
отношения между мужчиной и женщиной,6
stress relief music,5
relaxing,5
mantra,5
музыка релакс,5
исполнение желания,5
music for sleep,5
привлечение любимого человека,5
медитация на выздоровление,5
стирание негативных программ,5
сильная медитация,5
желание,5
алина солопова,5
asmr,5
йога перед сном,5
doctor online,5
доктор online,5
гуру,5
асмр для сна,5
личностный рост,5
квантовое исцеление,5
эзотерические практики,5
исцеление тела,5
бог,5
медитация джо диспенза,5
аффирмация на деньги,5
духовная практика,5
лучшие медитации,5
практика хоопонопоно,5
аффирмации на деньги,5
мантра денег,5
дыхательная практика,5
мантры,5
music,5
сергей королёв,5
дневная медитация,5
пранаяма,5
медитации нового времени,5
оздоровление,5
руны,5
медитация для денег,5
ракицкий медитация,5
просветление,5
медитация ливанда,5
духовное развитие,5
медитации игоря андреева,5
бессонница,5
душа,5
медитация за сън,5
дълбока релаксация,5
хипноза за сън,5
проблеми със съня,5
медитация на български,5
медитация за здраве,5
медитация утренняя на успех,5
как начать день правильно,5
music therapy,4
relaxation music,4
медитация скачать,4
медитация бесплатно,4
лечение психики,4
музыка лечебная,4
музыка для сеанса,4
музыка для нервной системы,4
музыка нежная,4
музыка красивая,4
sleep,4
медитация денежная удача,4
как создать свою реальность,4
тета,4
от депресии,4
meditationmus,4
deep meditation,4
тибетские чаши,4
звукотерапия,4
медитация ом,4
медитация от тревоги и страха,4
закон притяжения,4
медитация елена балацкая,4
мощная медитация на очищение,4
ом,4
создание реальности,4
практика,4
гипноз перед сном,4
транс,4
как влюбить в себя мужчину,4
успокоение,4
денежный магнит,4
медитация для глубокого сна,4
медитация для расслабления нервной системы,4
медитация для хорошего сна,4
йога дома,4
медитация на богатство,4
восстановление нервной системы,4
садгуру,4
джагги васудев,4
садгуру на русском,4
лечебная медитация,4
медитация сон,4
медитация исполнения желаний,4
аффирмации на каждый день,4
медитация очищение от негатива,4
медитация на расслабление,4
женская медитация,4
короткая медитация утром,4
утренняя медитация для женщин,4
канал я могу все,4
музыка для йоги,4
интересно и познавательно,4
аффирмации на здоровье,4
медитация на желание,4
слово илая,4
элайя дар,4
медитация расслабления,4
вибрации,4
медитация на успех,4
медитировать,4
аудио медитация,4
водени медитации,4
музыка для релаксации,4
мозг,4
ум,4
крийя мастер,4
гипнотерапия,4
как успокоиться,4
панические атаки,4
медитация 10 минут,4
мысли,4
волшебство,4
глубокий сон,4
самооценка,4
медитация для новичков,4
медитация за заспиване,4
йога на съня,4
проблеми със заспиване,4
медитация за страх,4
медитация при фобии,4
медитация тревога,4
любомир розенщайн,4
медитация успокояване,4
силна медитация,4
енергийна медитация,4
хипноза при страх,4
хипноза тревожност,4
калина стефанова,4
утренние аффирмации,4
экстрасенс,4
music for stress relief,3
music for relaxation,3
background music,3
pilates,3
binaural beats,3
positive,3
new age music,3
дельта волны,3
позитивное мышление,3
медитация слушать онлайн,3
музыка исцеляющая,3
колыбельная,3
музыка для гармонии,3
музыка ласковая,3
музыка грустная,3
снятия стресса,3
жизнь своей мечты,3
медитация денег,3
слушать музыку,3
432 гц,3
поющие тибетские чаши,3
медитация от беспокойства,3
медитация от депрессии,3
навязчивые мысли,3
остановка внутреннего диалога,3
delta waves,3
медитация счастья,3
медитация на свет,3
медитация на привлечение любимого человека,3
лучшая медитация перед сном,3
медитация на привлечение мужчины,3
поиск половинки,3
освобождение от боли,3
очищение от старых программ,3
защита от болезней,3
медитация перезагрузка,3
гипноз на богатство,3
энергетические практики,3
как изменить свою жизнь,3
перевоплощение,3
реальность,3
медитация на исполнение желания перед сном,3
на деньги,3
попробуй послушать 10 минут и жизнь изменится навсегда,3
жизнь изменится навсегда,3
медитация благодарность,3
моделирование реальности,3
создай своё будущее,3
гипноз на удачу,3
слушать гипноз,3
эриксоновский гипноз,3
влюби конкретного мужчину,3
влюбить конкретного человека,3
как влюбить в себя парня,3
лучшаямедитация,3
медитацияпередсном,3
спокойнаямузыка,3
шамбала,3
toki well being,3
медитация для беременных,3
йога сна,3
медитация 15 минут,3
ksenia calm,3
вечерняя йога,3
благополучие,3
медитация с чего начать,3
лечение звуком,3
гаряев,3
аура,3
активация чакр,3
матрица гаряева,3
позвоночник,3
саи баба,3
sai baba,3
медитация от негатива,3
сила подсознания,3
джо диспенза медитация,3
доктор джо диспенза,3
медитация богатства,3
привлечение мужчины,3
медитация прощения,3
исцеляющая медитация перед сном,3
медитация хоопонопоно,3
медитация днем,3
хоопонопоно медитация,3
meditation (quotation subject),3
медитация перед сном 10 минут,3
привлечение изобилия,3
лучшие аффирмации,3
сильные аффирмации,3
притяжение денег,3
как притянуть деньги,3
аффирмация на успех,3
закон притяжения денег,3
медитация для успокоения,3
медитація вранці,3
медитация настрой на день,3
я могу все,3
слова благодарности,3
вальяк,3
женственность,3
музыка без слов,3
медитация с голосом,3
спасибог,3
медитация музыка,3
медитация очищение,3
похудение,3
сила рода,3
психотерапия,3
тибетские поющие чаши,3
медитация с поющими чашами,3
звуковая терапия,3
чакра,3
техника исполнения желаний,3
аффирмации на день,3
медитация рейки,3
релакс музыка,3
трансерфинг,3
исцеляющие вибрации,3
чакры человека,3
альфа волны,3
гипноз от панических атак,3
для сна,3
заснуть гипнозом,3
никита батурин,3
тета хилинг,3
медитация утром для женщин,3
глубокое расслабление,3
духовный рост,3
пробуждение,3
дозе оф медуза,3
медитация от тревожности,3
медитация исцеления,3
аффирмации на уверенность в себе,3
love,3
денежная медитация на деньги,3
уроки медитации для начинающих,3
себепознание,3
душевен мир,3
хармония,3
лина семина,3
польза медитации,3
мантра для сна,3
om chanting,3
om,3
медитация света,3
направляемая медитация,3
духовный учитель,3
творец,3
подсознание может все,3
дада садананда,3
красота,3
дух,3
высшее я,3
перед сном,3
короткая медитация,3
жизнь,3
медитация для исполнения желаний,3
вселенная,3
прокрастинация,3
позитивные аффирмации,3
тело и разум,3
исцеляющий поток,3
подсознательные внушения,3
подсознательные,3
лечебные волны,3
раскрытие чакр,3
предсказания,3
как стать уверенным в себе,3
дыхание,3
медитация практика,3
вечерна медитация,3
медитации для сна,3
оберег,3
гороскоп,3
утренняя медитация осознанности,3
утренняя медитация на хороший день и поток любви,3
медитация утренняя 10 минут,3
вътрешният лечител,3
летене на сън,3
медитация при тревога,3
освобождаване от страха,3
медитация с калина стефанова,3
спокоен сън,3
настрой на день,3
карма,3
ченнелинг,3
вътрешен мир,3
внутренний покой,3
исцеляющие звуки,3
сольфеджио,3
астрологический прогноз,3
шепс,3
медиум,3
мастер,3
проводник,3
мантра любви и нежности,2
прощение,2
музыкотерапия,2
love yourself,2
тета медитация,2
тета волны,2
theta,2
theta meditation,2
theta waves,2
theta healing,2
ом мантра,2
417 гц,2
тибетская музыка,2
ом медитация,2
тибетские чаши для сна,2
позитивные вибрации,2
чаши медитация,2
медитация от депрессии перед сном,2
расслабление мозга,2
овд,2
сюзанна семенова,2
deep sleep,2
relaxing sleep music,2
медитация на гармонию,2
медитация кундалини,2
мантры здоровья,2
медитация перед сном для женщин,2
медитация для души,2
медитация для души и тела,2
медитация на оздоровление,2
гипноз для привлечения денег,2
александр иваницкий,2
как восстановить энергию,2
alina solopova,2
попробуй послушать 10 минут,2
привлечение благоприятных событий,2
сильнейшая медитация,2
медитация 🙏,2
забыть все плохое,2
гипноз видео,2
гипноз медитация,2
достижение целей,2
магия любви,2
мощный ускоритель исполнения желаний,2
влюбить в себя мужчину,2
как завоевать мужчину,2
как нравиться мужчинам,2
как понравиться мужчине,2
как соблазнить мужчину,2
как заинтересовать мужчину,2
что мужчинам нравится в женщинах,2
как узнать любит ли мужчина,2
исцеляющая,2
мистика,2
гипноз онлайн,2
медитация для здоровья,2
спокойная йога,2
йога для сна,2
йога вечером,2
вечерняя разминка,2
разминка вечером,2
йога для новичков,2
вечерняя йога 10 минут,2
вечерняя йога для начинающих,2
imagine fitness,2
комплекс на все тело,2
на любовь,2
энергетические центры,2
глубокий релакс,2
осознанные сновидения,2
осознанный сон,2
как стать успешным,2
медитация нервной системы,2
sadhguru,2
jaggi vasudev,2
садхгуру видео,2
как стать красивой,2
медитация на деньги перед сном,2
медитация на деньги денежный магнит,2
медитация на деньги во сне,2
йога медитация,2
обучение медитации,2
медитация йогов,2
садхана,2
тантра,2
расширение сознания,2
настоящая матрица гаряева,2
днк,2
волновая генетика,2
регенерация,2
матрицы гаряева,2
универсальная,2
нлп,2
исцеление ауры,2
чакры музыка,2
396 гц,2
528 гц,2
исцеление суставов,2
суставы,2
бесплатная медитация,2
музыка денег,2
музыка для денег,2
денежная музыка,2
мощная медитация джо диспенза,2
регрессивный,2
энергетическая связь с мужчиной медитация,2
мастер закона притяжения,2
медитация слушать бесплатно,2
исцеление сердца,2
исцеление организма,2
метод хоопонопоно,2
медитация меняющая жизнь,2
медитация исполняй желания во сне,2
исцеление позвоночника,2
восстановление позвоночника,2
выпрямление позвоночника,2
исцеление боли в пояснице,2
аффирмации на богатство,2
лучшая аффирмация,2
мощные аффирмации для денег,2
аффирмации про деньги,2
медитация для успокоения ума,2
музыка для лечения головной боли,2
музыка для лечения нервной системы,2
медитация на мужчину,2
медитация на привлечения мужчины,2
очищение от боли,2
очищение от обиды,2
очищение от страха,2
работа с подсознанием,2
избавление от негативных установок,2
снятие негативной энергии,2
канал елена балацкая,2
исцеляющая медитация нервной системы,2
дети,2
ангелотерапия,2
медитация на конкретного человека,2
аудио гипноз,2
лечение гипнозом,2
женская энергия,2
mantras,2
singing bowls,2
spa,2
calm music,2
stress relief,2
медитация на привлечение любви,2
медитация для успокоения нервной системы,2
бессонница при ковиде,2
татьяна турятка,2
медитация сна,2
музыка для сердца,2
музыка для работы,2
как похудеть,2
снижение веса,2
гипноз для похудения,2
звуковая матрица,2
открыть третий глаз,2
opening third eye,2
кто ты,2
аудиомедитация,2
медитация для очищения от негатива,2
дыхательные практики,2
подкаст,2
мантра медитация,2
анастасия ян,2
красивая музыка,2
музыка для духовных практик,2
поющие чаши тибета,2
1888 гц,2
кэт орачевская,2
энергия,2
рэйки,2
сильнейшая мантра,2
мантра очищения от негатива,2
mantra meditation,2
хоопонопоно для начинающих,2
хоопонопоно слушать,2
хоопонопоно очищение,2
спаси бог,2
быстрое исполнение желаний,2
внутренний ребенок,2
полюбить себя,2
шаман,2
шаманский бубен,2
цигун,2
аффирмации на успех,2
медитация с аффирмациями,2
sleep meditation,2
получи ответы из подсознания,2
экхарт толле,2
я есть,2
очищение рода,2
медитация расслабление тела,2
чаши,2
поющая чаша,2
тибетские чаши слушать,2
слушать чаши,2
музыка для снятия стресса,2
tibetan singing bowls,2
высокие вибрации,2
ракицкий для сна,2
альфа медитация,2
направленная медитация,2
гипноз от страха,2
гипноз от фобий,2
ракицкий сон гипноз,2
гипноз от тревоги,2
луиза хей,2
утренние медитации,2
mr. freeman,2
freeman,2
фриман,2
фримен,2
mf0,2
toonbox,2
carmina,2
libertatem,2
песни,2
свободы,2
ковальчук,2
направляющая медитация,2
архангел михаил,2
музыка исцеления,2
space music,2
медитація для сну,2
медитация расслабление перед сном,2
медитация лежа на спине,2
утренний настрой,2
аффирмации перед сном,2
third eye,2
медитация очищения ауры,2
медитация очищения энергетики,2
депрессия,2
очищение чакр,2
astro tarot,2
astro tarot life,2
астротарот,2
гипноз привлечения денег,2
игорь будников,2
продышки,2
медитация от страха и панических атак,2
медитация от страха и тревоги,2
духовно развитие,2
ракицкий сон,2
музыка для медитации и релаксации,2
фоновая музыка,2
отпустить прошлое,2
память,2
интуиция,2
цели,2
наука,2
бессознательное,2
коррекция личной жизни,2
медитация на ом,2
эра водолея,2
исправление жизни,2
коррекция судьбы,2
главные события,2
гармонизация отношений,2
имрам,2
крийя бабаджи,2
сиддхи,2
imram kriya,2
как исполнить желание,2
джон кехо,2
артур сита,2
асмр гипноз,2
медитация наполнения,2
квантовые медитации,2
как уснуть,2
медитация спокойствия,2
kat orachevskaya,2
милена голева,2
milena goleva,2
ракицкий новый сеанс,2
как избавиться от страха,2
мантра исцеляющая все болезни,2
оздоровление организма,2
закон божий,2
медитация с линой,2
снять напряжение,2
медитация новой жизни,2
медитация новая жизнь,2
как расслабиться,2
квантовый скачок,2
сила внутри,2
частоты,2
уроки йоги,2
энергизация,2
трансформация,2
самосовершенствование,2
сосредоточиться,2
звуки для сна,2
отдых,2
bhangans,2
amma,2
bhavanthu,2
dharma,2
lokaa,2
nilayam,2
prema,2
puttaparthi,2
ramana,2
sai ram,2
samastha,2
sathya,2
shanti,2
shirdi,2
shiva,2
sukhino,2
swami,2
кодайканал,2
према,2
путтапарти,2
саи рам,2
свами,2
ширди,2
кайлас,2
kailash,2
лечение,2
доктор,2
пробуждение кундалини,2
медитация на чакры,2
вишудха,2
манипура,2
ракицкий последнее,2
личность,2
силамысли,2
исполнение желаний силой мысли,2
медитация для воплощения мечты,2
простить себя,2
мир,2
радость,2
new-age music (musical genre),2
гипнотическая индукция,2
домбровский,2
дмитрий домбровский,2
гипнотизёр,2
упражнение гипноз,2
крийя йога,2
20 мин. медитация,2
энергетическое обновление,2
внутренний мир,2
музыка от отеков,2
исцеление сосудов,2
погружение в себя,2
zen music,2
kat orachevskaya music,2
музыка ветра слушать,2
колокольчики коши,2
чакры медитация,2
как открыть чакры,2
гадание,2
будущее,2
хроники акаши,2
снятие боли,2
апатия,2
агрессия,2
сила анха,2
reiki asmr,2
таро,2
солопова,2
вероника степанова,2
батурин,2
александр краснов,2
уверенность в себе аффирмации,2
аффирмации слушать,2
аффирмации онлайн,2
аффирмации слушать онлайн,2
скачать аффирмации,2
аудио аффирмации,2
аффирмации бесплатно,2
аффирмации видео,2
аффирмации на каждый день для женщин,2
аффирмации на уверенность в себе для женщины,2
как развить уверенность в себе,2
как обрести уверенность в себе,2
как повысить уверенность в себе,2
простые мысли,2
как бороться со стрессом,2
создание новой реальности,2
медитация радости,2
медитация мира,2
философия,2
yoga for beginners,2
шавасана йога,2
расслабление перед сном,2
расслабление ума и тела,2
быстрая медитация,2
нервная система,2
новая эра,2
путешествие в мир баланса,2
состояние потока,2
снятие напряжения,2
шавасана перед сном,2
йога-нидра,2
йога за начинаещи,2
медитация за начинаещи,2
ангелы,2
релаксация для нервной системы,2
релаксация для сна,2
релакс музыка для сна,2
релакс для сна,2
учимся медитировать,2
как надо медитировать,2
для чего медитировать,2
медитация музыка без слов,2
guided meditation,2
meditaciq,2
энергия любви,2
космоэнергетика,2
сердечно сосудистая система,2
как поднять самооценку,2
самоуверенность,2
как полюбить себя,2
zen sound,2
что такое медитация,2
aya potok sveta,2
aya potok sveta медитация,2
дмитрий лапшинов,2
сварга,2
сварга онлайн,2
svarga,2
mantra aum,2
аум,2
медитация от мыслей,2
медитация релакс,2
медитация для работы,2
медитация за дълбок сън,2
медитация за спокоен сън,2
лека нощ,2
релаксираща медитация,2
саввич,2
музыка для медитации 2,2
медитация для нервной системы,2
медитация присуствия,2
медитация утренняя 5 минут,2
медитация 5 измерение,2
медитация для исцеления внутреннего ребенка,2
медитация для избавления от негатива,2
медитация для избавления от страха и тревоги,2
медитация травма,2
медитация детские травмы,2
медитация проработка травм,2
медитация исцеление травм,2
лечебный шум,2
от врагов,2
от зла,2
от зависти,2
энергетический щит,2
энергетическая защита,2
заговор,2
квантов,2
молитва от врагов,2
защита от врагов,2
заговор от врагов,2
от порчи и сглаза,2
от негатива,2
очищение души,2
саблиминалы,2
иип,2
медитации нвб лисичин сергей константинович музыка для сна глубокий сон,2
музыка для сна и снятия стресса,2
утренняя мотивация,2
йога в офисе,2
медитация для вдохновения,2
как найти вдохновение,2
как стать блогером,2
метта,2
ты можешь все,2
йогалина,2
как сконцентрироваться на учёбе,2
музыка для учебы и работы,2
медитация за компьютером,2
как найти силы учиться,2
имрам медитация,2
восстановление зрения,2
улучшение зрения,2
зрение,2
энергетическое исцеление,2
лечебные частоты,2
ицхак пинтосевич,2
род,2
позитив на весь день,2
медитация феникс,2
делай это каждый день,2
слушать в наушниках,2
мастер вселена медитация феникс,2
5d реальность,2
медитация феникс вселена,2
вселена мастер,2
печь в баню,2
кармический менеджмент,2
марина хмеловская,2
хмеловская,2
хмеловская медитация,2
продуктивный день,2
лечебная музыка для сна,2
спокоен ум,2
овладяване на ума,2
доверявам се,2
joe dispenza,2
медитация омоложения,2
матрица восстановления,2
эмоции,2
рейки-медитация,2
самоисцеление,2
кундалини-йога,2
руны на деньги,2
руны на исцеление,2
лечебные звуки,2
исцеляющие мантры,2
исцеляющие молитвы,2
сглаз,2
восстановление организма,2
исцеление внутренних органов,2
роман карловский,2
александршепс,2
битваэкстрасенсов,2
тренды,2
волшепство,2
сверхъестественное,2
космическаямузыка,2
тетамедитация,2
тетаволны,2
медитацияочищения,2
музыкадлясна,2
успокаивающаямузыка,2
в чем заключается метод бейтса,2
урокимедитации,2
медитация силы,2
медитативные практики,2
гороскоп на сегодня,2
гороскоп на завтра,2
дзогчен,2
новая жизнь,2
джо диспенза на русском,2
медитационная музыка,2
гармония между мужчиной и женщиной,1
новый смысл жизни,1
гармонизация отнощений,1
избавление от депрессии,1
успокоить ум,1
tumi bhaja re mana tumi japa re mana om shri ram jaya ram japa re mana,1
rama (deity),1
beautiful music,1
звукотерапия тибетские чаши,1
174 гц,1
буддийские мантры,1
чаши 174 гц,1
чаши 432 гц,1
поющие чаши 417 гц,1
поющие чаши 174гц,1
медитация елены балацкой,1
остановка мыслей,1
как остановить свой ум,1
как убрать все мысли из головы,1
отключение ума,1
как успокоить ум и сознание,1
как выключить внутренний диалог,1
остановка мысленного диалога,1
медитация остановка мысленного диалога,1
медитация для женщин наполнение,1
медитация для женской энергии,1
вы этого достойны,1
закон притяжения вселенной,1
лучшая медитация для привлечения любви,1
лучшая медитация для глубокого расслабления и снятия стресса. супер,1
медитация елена балатская,1
inner peace,1
meditation sleep,1
meditation sounds,1
meditacion,1
jean michel jarre,1
жан-мишель жарр,1
медитация привлечение любимого человека,1
медитация музыка для души,1
медитация для спокойствия души,1
гипноз на деньги и богатство,1
гипноз на удачу и деньги,1
гипноз на деньги слушать,1
гипноз деньги изобилие,1
гипноз программа на деньги,1
вальяк скачать бесплатно,1
елена вальяк скачать бесплатно,1
вернуть силу,1
вернуть энергию,1
наполнится энергией,1
медитации иваницкого,1
сила стихий,1
практика энергетического восстановления,1
я творец своей реальности,1
медитация на хорошее настроение,1
на удачу,1
успокаивающий голос,1
сонастройка на день,1
ретрит,1
meditation music mix,1
звук океана,1
звук костра,1
успокаивающая релакс музыка,1
новичкам,1
на вторую половинку,1
на счастье,1
на финансовое благополучие,1
ом медитация мантра,1
пение мантры ом,1
ом 432 гц,1
медитация перезагрузка негативных подсознательных программ,1
стирание всех негативных воспоминаний,1
хонин музыка,1
гипнотический транс,1
как достигать цели,1
гипноз смотреть,1
гипноз смотреть онлайн,1
гипноз смотреть видео,1
гипноз слушать онлайн,1
гипноз слушать бесплатно,1
гипноз бесплатно,1
легкий гипноз,1
помощь гипнозом,1
самостоятельный гипноз,1
гипноз онлайн бесплатно,1
слушать легкий гипноз,1
звуковая,1
аудио,1
гид,1
приятный,1
голос,1
качественная,1
гид-медитация,1
гипнотический,1
гипнотический сеанс,1
мистический,1
мистическая медитация,1
медитативный,1
восстановление нерв,1
шамбала бали,1
ubud,1
здоровый сон,1
гипноз на миллион,1
на миллион,1
медитация на миллион,1
toki well-being,1
медитация для расслабления мышц,1
простая йога,1
вечерняя йогаа для похудения,1
alexandra posnova,1
рудкевич,1
спорт,1
зарядка,1
ёга,1
вечерняя разтяжка,1
я все могу,1
бали,1
утренняя,1
медитация для мужчин,1
для женщин,1
для девушек,1
на привлечение любимого человека,1
domoctroy,1
дмитрий компанией,1
как питаться,1
как быть здоровым,1
денежная практика,1
родовые денежные программы,1
очистка от негативных денежных программ,1
медитация осознанные сновидения,1
гипноз осознанные сновидения,1
осознаваемые сновидения,1
осознанные сновидения техника,1
техника осознанных сновидений,1
менталитет победителя,1
мышление победителя,1
победитель и неудачник,1
как выиграть на соревновании,1
как победить,1
как выиграть,1
страх соревнований,1
как настроиться на победу,1
смотреть гипноз онлайн,1
привнесение в жизнь богатства,1
медитация на привлечение успеха,1
привлечение удачи,1
медитация на привлечение богатства,1
привлечение в жизнь успеха,1
медитация восстановления и исцеления нервной системы,1
регенерация нервов,1
иша крийя,1
крия,1
positive meditation,1
создание реальност,1
алексаоник,1
стань магнитом для мужчин,1
магнит для мужчин,1
женщина-магнит,1
как стать привлекательной,1
как влюбить мужчину,1
как выйти замуж,1
как найти отношения,1
открытие денежного потока,1
самая лучшая медитация на деньги,1
я самый богатый человек,1
ливанда медитация на деньги,1
как стать богатым и успешным,1
исцеляющие медитации деньги,1
программирование на богатство,1
как стать миллионером,1
медитация на деньги и успех,1
как стать богатым с нуля,1
как разбогатеть,1
бинауральные ритмы,1
как научиться медитации,1
курс медитации,1
медитация начало,1
самосознание,1
духовный путь,1
концентрация внимания,1
геном,1
жкт,1
обмен веществ,1
институт квантовой генетики,1
матрица гаряев,1
548 гц,1
частота любви,1
гадание таро,1
нейрохаккинг,1
шар,1
энергетический шар,1
белый шар,1
музыка чакры,1
музыка чакры слушать,1
музыка открывающая чакры,1
музыка для активации чакры,1
чакры активация,1
чакры перед сном,1
чакры для сна,1
активация всех чакр,1
музыка для активации чакр,1
музыка на все чакры,1
исцеление чакр,1
285 гц,1
741гц,1
852гц,1
963гц,1
сольфеджио вознесения,1
частоты сольфеджио,1
активируйте все чакры,1
активация чакр за 1 сеанс,1
открыть чакры,1
лечебная музыка хонин,1
элан,1
универсальная матрица горяева исцеляющая,1
матрицы горяева для лечения,1
квантовое,1
оздоровление костей,1
внушения,1
исцеление костей,1
мышцы,1
царь матрица,1
все тело,1
всеисцеляющая,1
мгновенная карма,1
что такое карма,1
сатья саи баба,1
иисусова молитва,1
православие,1
ашрам саи бабы,1
meditation for beginners,1
иис,1
медитация очистки от негатива,1
медитация и релаксация,1
елена медитация,1
музыка дерево изобилия,1
музыка дарующая успех и богатство,1
музыка изобилия,1
музыка для связи с изобилием,1
639 гц музыка золотой код богатства,1
музыка для привлечения денег,1
музыка для привлечения покупателей,1
639 гц музыка,1
медитация на большие деньги,1
евгений хонин музыка,1
открой свой денежный поток,1
денежный поток открыть,1
диспенза,1
сам себе плацебо,1
джо,1
плацебо,1
психология для всех,1
мощная медитация диспенза,1
мощная медитация джо,1
диспенза мощная медитация,1
джо диспенза мощная медитация,1
чистое,1
сознание;,1
технология,1
просветления;,1
просветление;,1
самадхи;,1
регрессия,1
в,1
прошлое;,1
прошлые,1
жизни;,1
метод;,1
метод,1
регрессии;,1
илья,1
родник;,1
сеанс,1
регрессия;,1
высшее,1
родственные,1
души;,1
прошлые жизни,1
майкл ньютон,1
долорес кэннон,1
регрессивный гипноз,1
усиление энергетической силы,1
асмр эффект наушников,1
медитации для женщин,1
мужчины будут липнуть к тебе,1
повысить женственность,1
повысить энергию,1
энергопрактики,1
алекса оник,1
женщина магнит,1
сила энергопрактик,1
медитация на исцеление от обид и гнева,1
медитация на исцеление тела,1
медитация на исцеление внутренних органов,1
как стать психологом,1
как сохранить отношения,1
как сохранить семью,1
курсы психологии профессия психолог,1
психологическая консультация,1
психологические тренинги,1
семейная психология,1
хочу стать психологом,1
успех в общении,1
добиться успеха,1
как стать счастливым,1
счастье на 100%,1
смысл жизни,1
найти смысл жизни,1
forbes,1
форбс,1
семейным психологом,1
семейный конфликт,1
распределение ролей,1
клиенты,1
медитация елена,1
медитация релаксация слушать,1
медитация онлайн бесплатно,1
медитация слушать онлайн бесплатно,1
эликсир здоровья,1
энергитическое исцеление,1
исцеление от рака,1
медитация елена вальяк,1
духовный учитель медитация,1
изменение установок подсознания,1
изменение подсознательных программ,1
елена балацкая медитации,1
практика джо витале,1
джо витале,1
ключ к решению проблем,1
japa,1
прабхупада,1
prabhupada,1
харе кришна мантра,1
джапа медитация,1
маха мантра,1
maha mantra,1
a. c. bhaktivedanta swami prabhupada (author),1
харе кришна маха мантра видео,1
маха мантра слушать,1
маха мантра онлайн,1
джапа,1
космическая музыка для сна,1
космическая музыка для восстановления энергии,1
музыка вселенной,1
музыка для выздоровления,1
музыка для восстановления энергии,1
большое космическое путешествие,1
космическое путешествие для сна,1
лечебные медитации,1
медитация на желания,1
медитация елизаветы волковой,1
медитация воплощай то что хочешь,1
медитация исполнение желания,1
медитация исполнение желаний во сне,1
музыка восстановление межпозвоночных дисков,1
исцеляющая музыка для снятия боли в позвоночнике,1
космическая музыка для снятия боли в спине,1
музыка оздоровления позвоночника,1
лечебная музыка межпозвоночных грыж,1
исцеление позвоночного столба,1
избавление от боли в спине музыка,1
лечебные частоты исцеление позвоночника,1
элан хонин,1
медитация успокоения,1
медитация для успокоения души,1
как появиться в его голове моментально,1
медитация чтобы он думал о тебе,1
ты будешь в его голове,1
он будет думать только о тебе,1
как попасть в ум другого человека,1
медитация чтобы он написал,1
сила в мысли притянуть мужчину,1
как появится в его голове моментально,1
медитация 7 минут,1
медитация на сообщение от человека,1
медитация он будет думать о тебе,1
toki,1
toki yoga,1
toki meditation,1
self-love,1
медитация на русском,1
медитація для жінок,1
медитация для позитивного мышления,1
медитация раскрытие способностей,1
приток денег,1
денежные блоки,1
финансовое благополучие,1
золотые монеты,1
купюры,1
положительное мышление,1
привлечение денег.,1
скрытые аффирмации на деньги,1
асмр денег,1
генератор счастья,1
ключ к освобождению,1
медитация длдя детей,1
исцеление детей,1
семь ангелов,1
медитация как привлечь мужчину,1
медитация как привлечь конкретного мужчину,1
как силой мысли притянуть мужчину который нравится,1
он будет твоим,1
медитации 21 дня,1
медитация на привлечение конкретного мужчины сила мысли,1
сила мысли медитация на привлечение конкретного мужчины,1
притяни мужчину за 1 день,1
медитация на привлечение любви мужчины,1
как влюбить в себя конкретного мужчину,1
медитация на привлечения конкретного мужчины,1
притянуть конкретного мужчину,1
привлечения любимого человека,1
медитация на любовь мужчины,1
медитация привлечения мужчины,1
медитация для привлечения любимого человека,1
медитация на любовь конкретного человека,1
медитация привлечения любимого человека,1
гипнолог,1
позсозниние,1
помощь гипнолога,1
гипнотрерапия,1
самонастрой,1
аудио настрой,1
практика для женщин,1
сила женского рода,1
место для женщины,1
женская мудрость,1
медитация женственность,1
исцеление женской,1
настрой,1
настрой для женщин,1
наполнение силой,1
music for yoga,1
peaceful music,1
soft music,1
приятная музыка,1
soothing,1
balance,1
spa music,1
calm,1
музыка онлайн,1
энергетическая связь,1
притянуть мужчину,1
медитация для засыпания,1
глубокое погружение в сон,1
медитация глубокое расслабление,1
управляемая медлитация,1
медитеция от бессонницы,1
гипноз для нервной системы,1
убрать беспокойство,1
уснуть без лекарств,1
вечерняя медитация метод сильва,1
вечерняя медитация перед сном,1
тета хилинг медитация,1
мантра перед сном,1
перед сном музыка,1
перед сном медитация,1
медитация на ночь для женщин,1
я творец своей реальности#,1
#женскаясамоценность #самоценность #викторияостара #новоевремя,1
yellow melodies,1
музыка исцеляющая - целебная музыка,1
медитация для похудения,1
гипноз для похудения видео,1
онлайн гипноз для похудения,1
как похудеть за неделю,1
как похудеть быстро,1
как сжечь жир,1
как худеть во сне,1
медитация сила рода,1
п п гаряев,1
спина,1
поясница,1
963 гц,1
код бога,1
chakra meditation,1
chakra frequency,1
chakra healing meditation,1
musicoterapia,1
brain reset,1
solfeggio,1
educational,1
affirmations,1
solfeggio 963hz pineal gland,1
pineal gland activation,1
heal pineal gland,1
частота бога,1
бинауральные ритмы для сна,1
chakra healing,1
741 гц,1
медитация величия! вспомни кто ты есть на самом деле! ты можешь всё!!!,1
медитация величия,1
вспомни кто ты есть на самом деле,1
ты можешь всё,1
вспомни кто ты есть,1
вспомни кто ты,1
ты можешь,1
медитация величия! вспомни кто ты есть на самом деле!,1
управляемая медитаця,1
величие,1
вспомни,1
как стать великим,1
голос иллая,1
golos illaya,1
самопрограмммирование,1
медитация здоровье,1
медитация выздоровления,1
медитация восстановления сил и энергии,1
медитация для здоровья и исцеления,1
медитация от головной боли,1
медитация от болезни,1
медитация выгорание,1
что делать при панической атаке,1
что происходит в украине,1
украина и россия,1
как помочь украине,1
беженцы,1
справиться с переживаниями,1
успокаивающее видео,1
моральная поддержка,1
ukraine,1
медитация для первой чакры,1
медитация на,1
медитация на уверенность в себе,1
муладхара чакра,1
красивая музыка для йоги,1
музыка для йоги,1
музыка для йоги и медитации,1
музыка для визуализации,1
музыка для медитации слушать,1
музыка для йоги ютьюб,1
поющие чаши для исцеления,1
поющие чаши музыка,1
поющие чаши медитация,1
поющие чаши исцеление,1
медитация с тибетскими поющими чашами,1
исцеляющие тибетские чаши,1
исцеление на всех уровнях,1
целительная музыка,1
музыка гармонизация сознания,1
асана,1
садананда,1
биопсихология,1
эволюция,1
медитация на женственность,1
слова силы,1
наполнение,1
поддержка,1
медитация на улучшение отношений,1
медитация на улучшение самооценки,1
настройка перед свиданием,1
женские аффирмации,1
установки на любовь к себе,1
личные границы,1
свидание,1
сексуальность,1
повышение самооценки,1
энергия секса,1
шамно митра мантра исцеление,1
мантра дающая силу и энергию,1
великая мантра,1
волшебная мантра,1
мантра освобождает от боли гнева и страданий,1
мантра от негативной энергии,1
мантра от негатива,1
мантра от неприятностей,1
мантра стирает негативную энергию,1
мантра от сглаза,1
мантра силы,1
мантра защиты,1
shamno mitra mantra,1
shamno mitra mantra healing,1
shamno mitra,1
хоопонопоно онлайн,1
хоопонопоно бесплатно,1
молитва хоопонопоно,1
решить проблему хоопонопоно,1
медитация хоопонопоно слушать,1
прощение хоопонопоно,1
рог изобилия,1
изобилие вселенной,1
изобилие денег,1
богатство и изобилие,1
21 изобилия,1
21 день изобилия,1
изобилие и процветание,1
техника,1
что такое хоопонопоно,1
как работает хоопонопоно,1
отзывы хоопонопоно,1
4 фразы,1
медитация для очищения,1
слушать онлайн,1
медитация любви к себе,1
медитация решения проблем,1
медитация изменения ситуации,1
гавайская практика,1
ho'oponopono,1
медитация очищение энергии,1
медитация от негативных эмоций,1
получить все что хочется,1
получить все чего желаешь,1
как получить желаемое,1
осуществить мечту,1
гарантированное исполнение желания,1
способ гарантированного исполнения желания,1
как исполнить заветное желание,1
заветное желание,1
гарантированный метод исполнения желаний,1
формула исполнения желаний,1
воплощение мечты,1
закон притяжения мысли,1
как простить,1
избавиться от чувства вины,1
простить близких,1
простить родителей,1
простить маму,1
простить папу,1
найти силы прощения,1
отпустить боль,1
исцеление от обиды,1
практика прощения,1
гавайска практика,1
простить любимого человека,1
забыть обиду,1
хоопонопоно для прощения,1
шаманизм,1
шаманский транс,1
шаманская музыка,1
горловое пение,1
шаманские ритмы,1
шаманские барабаны,1
трип репорт,1
трип,1
shaman drum,1
медитация аффирмация,1
медитація ранок,1
аффирмации утром,1
аффирмации 10 минут,1
утренние аффирмации для женщин,1
лечебная медитация с частотой 396 гц,1
сеанс медитация,1
медитация удаление негативных программ,1
медитация гипноз перед сном,1
медитация ✧,1
очищение от негативных программ,1
лечебная медитация 396 гц,1
медитация удаляет негативные мысли,1
медитация 396 гц,1
убрать негативные программы,1
дельта медитация,1
стнятие стресса,1
sleeping,1
music for sleeping,1
медитация погружение в сон за 15 минут! исцеление золотым светом! получи ответы из подсознания!,1
медитация погружение в сон за 15 минут,1
исцеление золотым светом,1
ответы из подсознания,1
зеланд,1
сила настоящего момента,1
духовные книги,1
хорошая медитация,1
отпусти ситуация и всё решится! медитация для решения всех проблем и запросов! + мощный саблиминал!,1
отпусти ситуация и всё решится,1
медитация для решения всех проблем и запросов,1
мощный саблиминал,1
медитация для решения всех проблем,1
медитация для решения вопросов,1
медитация для изменения реальности,1
аффирмация на конкретного человека,1
аффирмация притянуть конкретного человека,1
аффирмация медитация,1
как привлечь конкретного человека,1
привлечь конкретного человека,1
аффимации привлечь конкретного человека,1
аффирмации привлечь любовь,1
аффирмации на отношения,1
аффирмации на привлечение любви,1
управляемая медитация привлечь конкретного человека,1
любовная медитация,1
идеальные отношения,1
золотой дракон,1
дракон феншуй,1
фен шуй,1
фэншуй,1
талисман деньги,1
деньги привлечение,1
деньги привлечь,1
денежная мантра,1
мантра богатства,1
денежный цвет,1
эзотерика для тебя,1
наталья правдина,1
денежный шум,1
как привлечь деньги,1
быстрые деньги,1
процветание,1
денежный четверг,1
хоопонопоно +для начинающих,1
виталя джо,1
техника хоопонопоно,1
фразы хоопонопоно,1
hooponopono,1
медитация перед сном очищение,1
молитва очищения,1
медитация перед,1
медитация +для сна,1
хоопонопоно перед сном,1
медитация от усталости,1
медитация от хронической усталости,1
медитация покоя,1
медитация выздоровление,1
привлекай счастливые события в свою жизнь,1
слушай и привлекай счастливые события,1
медитация перепрограммирование,1
медитация устранение старых блоков и программ,1
энергетическая медитация,1
тибетские поющие чаши слушать,1
тибетская чаша,1
тибетская поющая чаша,1
звук поющей чаши,1
singing bowl,1
звуки тибетских чаш,1
медитация на исцеление нервной системы,1
медитация для отдыха,1
альфа,1
альфа-медитация,1
глубокая альфа медитация,1
головная боль,1
снятие головной боли,1
боль,1
мигрень,1
снятие мигрени,1
альфа ритмы для сна,1
альфа частоты музыка,1
достич успеха,1
настрой на успех,1
натали леру,1
тета-медитация,1
тета-состояние,1
тета-хилинг,1
тета-исцеление,1
гипноз от всд,1
гипноз от паники,1
энергетическая зарядка,1
создание идеального дня,1
утренняя медитация тета хилинг,1
утренняя медитация на успех,1
утренняя медитация музыка,1
утренняя медитация метод сильва,1
утренняя медитация луиза хей,1
медитация утренний настрой,1
утренняя медитация настрой,1
запрограммируй себя,1
аффирмации на стройность,1
медитация на стройность,1
аффирмации для похудения,1
аффирмации для похудения для женщин,1
аффирмации для похудения на каждый день,1
аффирмации на похудение,1
аффирмации на похудение слушать онлайн,1
аффирмации на снижение веса,1
аудио аффирмации для похудения,1
марина ральф,1
медитация на похудение,1
гипноз для засыпания,1
расслабление нервной системы,1
медитация быстрый отдых,1
медитация для здорового сна,1
гипноз погружение в сон,1
глубокий исцеляющий сон,1
как быстро заснуть,1
релаксираща музика,1
музика за релакс,1
музика за релаксация,1
музика за медитация,1
медитация музика,1
музика за медитиране,1
возможности,1
медитативность,1
шунья,1
самьяма,1
шамбхави махамудра,1
дхьяна,1
цзен,1
дзен-буддизм,1
качество,1
дьяна,1
спокойный ум,1
нидра,1
пробуждение осознанность,1
пробуждение осознанности,1
медитация на осознанность,1
осознание,1
дни осознанности,1
25 дней осознанности,1
25 осознанности,1
уровни осознанности,1
уильямс осознанность,1
осознанное сновидение лучшие аффирмации,1
осознанное сновидение аффирмации,1
осознанный сон быстрый способ,1
осознанный сон новичкам,1
в осознанный сон,1
осознанное сновидение техника,1
осознанное сновидение лучший способ,1
осознание сна,1
осознанное сновидение,1
ос быстрый способ,1
осознанный сон с первого раза,1
что такое осознанный сон,1
осознанные сны,1
попасть в осознанный сон,1
осознанный сон как попасть,1
как попасть в осознанный сон,1
архангел михаил защита,1
архангел михаил исцеление,1
архангел михаил очищение,1
архангел михаил музыка,1
архангел михаил чистка,1
архангел михаил очищает вашу ауру,1
молитва архангелу михаилу,1
лечебная музыка 737гц,1
исцеляющая музыка 737гц,1
музыка исцеления 737 гц,1
космическая музыка 737гц,1
медитация очищения 737гц,1
737 гц частота исцеления,1
медитация для любви,1
медитация любовь,1
медитация энергия любви,1
медитация привлечения любви,1
медитация наполнение любовью,1
медитация посылание любви,1
гипноз привлечения любви,1
лечебная музыка 444гц,1
исцеляющая музыка 444гц,1
музыка запускает механизм исцеления,1
музыка исцеления 444гц,1
обновление клеток организма,1
космическая музыка 444гц,1
музыка сна,1
444гц тело начнет само себя лечить,1
активация божественного центра самоисцеления 444гц,1
музыка 8 часов исцеления,1
444гц частота исцеления,1
лечение бессонницы музыка,1
божественная музыка,1
вания маркович,1
осознанная жизнь,1
школа осознанной жизни,1
медитация энергия,1
медитация наполнения энергией,1
медитация энергия жизни,1
медитация энергетическое очищение и наполнение энергией,1
медитация энергии бодрящего утра,1
очистить своё сознание от негатива,1
восстановление сил и энергии,1
прилив сил и энергии,1
медитации вании маркович,1
исцеляющая медитация для сна,1
исцеляющая медитация на ночь,1
исцеляющая медитация во сне,1
медитация расслабляющий голос,1
медитация приятный голос,1
медитация женский голос,1
медитация приятный сон,1
медитация расслабление,1
медитация бессоница,1
мотивация на утро,1
утренняя медитация слушать,1
женщина медитация,1
настрой на утро,1
секретная медитация,1
секретная медитация каждого утра,1
каждое утро,1
медитация на поток любви,1
медитация погружение в глубокий исцеляющий сон. слушай и засыпай! гипноз от бессонницы.,1
медитация погружение в глубокий исцеляющий сон,1
слушай и засыпай,1
медитация погружение в сон,1
погружение в глубокий сон,1
практика для сна,1
засыпание,1
как заснуть,1
не могу заснуть,1
спи,1
ты уснёшь,1
спать,1
медитация запускает механизм исцеления внутри вас,1
всеисцеляющая медитация,1
медитация коды божественного света,1
медитация перед сном глубокое расслабление,1
медитация в кровати,1
muladhara,1
svadhishthana,1
manipura,1
anahatha,1
vishuddha,1
ajna,1
sahasrara,1
root chakra,1
sacral chakra,1
sexuality,1
solar plexus,1
heart chakra,1
awareness,1
crown chakra,1
медитация очищения ауры и энергетики,1
очищение ауры,1
очищение энергетики,1
чистка,1
музыка очищения,1
денежный гипноз,1
гипноз на богатство и удачу,1
мантра на деньги,1
мышление миллионера,1
медитация для начинающих дома,1
игорь будников медитация,1
будников,1
метта медитация,1
медитация гипноз,1
медитация очищение от негативных подсознательных программ,1
равновесие,1
освобождаване,1
висша сила,1
защита от негативных мыслей,1
установка на позитивное мышление,1
позитивное сознание,1
защита от негатива,1
защита от тревоги,1
очищение от тревоги,1
формирование позитивного мышления,1
настрой на позитив,1
настрой на хорошие мысли,1
rmt,1
мелодии для детского сна,1
для засыпания,1
инструментальная музыка,1
музика для сну,1
легкая музыка для сна,1
спейс музыка,1
музыка успокаивающая,1
спокойная красивая музыка,1
песня сон,1
транс для сна,1
спокойная мелодия,1
лаунж музыка,1
без слов,1
йога лина,1
инь йога,1
саблиминал от тревожности,1
женская йога,1
yin yoga,1
йога для спины,1
йога релакс,1
отпустить любимого человека,1
разрыв ментальной связи,1
забыть любимого,1
выход из зависимых отношений,1
избавление от привязки,1
медитация отпускания человека,1
медитации для души,1
медитация простить человека,1
rtvi,1
rtvi.com,1
rtvi news,1
канал rtvi,1
rtvi новости,1
международные новости,1
rtvi2,1
rtvi 2,1
rtvi two,1
rtvi entertainment,1
нам надо поговорить,1
александр каплан,1
доктор биологических наук,1
человеческий мозг,1
программирование,1
гениальные идеи,1
способности,1
ресурсы мозга,1
биохакинг,1
интеллект человека,1
мечты,1
притягивают реальность,1
намерение,1
монахи,1
поступки,1
сати казанова,1
sati kazanova,1
sati ethnica,1
исцеление за 1 тета сеанс,1
медитация исцеление за один тета сеанс,1
медитация тета сеанс,1
медитация освобождение от негативных программ блоков боли болезни,1
тета исцеление,1
медитация исцеление болезней,1
тета медитация исцеления боли,1
медитации исцеления,1
устранение негативных программ,1
медитация быстрое восстановление,1
медитация быстрого исцеления,1
настрой на удачный день,1
медитация на деньги и богатство,1
медитация энергия денег,1
медитация на деньги денежный поток,1
meditation music for positive energy,1
space meditation,1
восстановление слуха,1
слух,1
шум в ушах и голове,1
уши исцеление,1
улучшение слуха,1
как улучшить слух,1
матрица райфа,1
музыка для исцеления,1
лечение слуха,1
сильнейшая мантра для просветления,1
мантра приносит счастье,1
мантра приносит успех,1
мантра счастья,1
мантра для медитации,1
мантра для исполнения желаний,1
мантра просветления,1
мантра ливанда,1
исцеляющие медитации мантра,1
om mantra,1
peace mantra,1
медитация расслабления перед сном,1
секрет,1
обращение к богу,1
медитация исцеляющая,1
общение с богом,1
секрет исполнения желаний,1
сатья дас,1
торсунов,1
троцкий,1
как войти в состояние медитации,1
как войти в состояние потока,1
медитация для избавления,1
гипноз для избавления,1
погрузись в гипноз,1
видео гипноз,1
асмр ютуб,1
слушать сеанс гипноза,1
741 гц гармония в сложные времена,1
741 гц успокоение и релаксация,1
741 гц соединение с божественной энергией,1
исцели свою душу 741 гц,1
741 гц гармония в жизни несмотря на все,1
741 гц благодать божественной энергии,1
741 гц светлая энергия для души,1
741 гц внутренняя гармония,1
741 гц свобода от тревоги,1
741 гц свет божественной энергии,1
741 гц восстановление баланса,1
741 гц исцеление души,1
восстанавливающий сон 741гц,1
741 гц гармония и спокойствие,1
медитация ютуб,1
медитация на привлечение,1
любимая медитация,1
хоопонопоно изобилие,1
дары бога,1
как успокоить себя,1
как успокоиться и не нервничать,1
как успокоить себя в стрессовой ситуации,1
tibetan singing bowl,1
tibetan bowls,1
singing bowl meditation,1
sound therapy,1
tibetan healing sounds,1
savasana,1
savasana music,1
елена балацкая медитация,1
заслужава,1
аз,1
стойност,1
време,1
психика,1
настроение,1
мечта,1
медитация желание,1
исполнение мечты,1
сила мечты,1
альфа - медитация,1
соединение с высшим я медитация,1
соединение с духом,1
кассиопея,1
ирина подзорова,1
высшее я практика,1
слияние с высшим я,1
место силы,1
как найти место силы,1
целитель,1
целительство,1
связь с высшим я,1
соединение с высшим я гипноз,1
медитация от ненужных эмоциональных переживаний,1
ракицкий новый гипноз,1
как преодолеть страх,1
вирусы,1
инфекции,1
741 гц очищение от инфекций,1
очищение от вирусов и бактерий,1
741 hz,1
лечение вирусной инфекции,1
коронавирус,1
вирусы и инфекции,1
молитва исцеления,1
гипноз канал,1
гипноз 2022,1
гипноз ютуб,1
медитация канал,1
медитация 2022,1
гипноз обучение,1
андрей бобровский,1
андрей бобровский гипноз,1
андрей бобровский обучение,1
андрей бобровский канал,1
андрей бобровский медитация,1
египетский гипноз для сна,1
египетский храм сна,1
храм сна,1
asmr медитация,1
асмр медитация,1
медитация лина семина,1
саблиминал перед сном,1
саблиминал лина,1
как уснуть быстро,1
как высыпаться,1
как выспаться за,1
аманта ильянова,1
переход в 5 измерение,1
сильный сеанс,1
квантовое поле,1
медитация обладает силой восстановления энергии,1
медитация космический полет к звездам,1
лечебная медитация от негатива,1
накопленного напряжения и тревоги,1
лечебная медитация перед сном,1
приятный женский голос,1
медитация исцеления болезней,1
ливанда исцеление,1
медитация исцеления души и тела,1
ливандаютуб,1
ливанда ютуб канал,1
ливанда видео,1
ливанда екатерина шапошникова,1
медитация новой жизни! обнуление и освобождение от прошлого!,1
обнуление и освобождение от прошлого,1
новая жизнь медитация,1
освобождение от прошлого,1
избавиться от прошлого опыта,1
медиатция спокойствия,1
медитация начать всё сначала,1
я всё могу,1
ведьмы,1
гадание на таро,1
колдовство,1
расклады на таро,1
ритуалы,1
вернуть любимого,1
как получить звонок,1
медитация глубокого расслабления,1
полное расслабление,1
полное расслабление организма,1
глубокое расслабление тела,1
как быстро снять стресс,1
как снять стресс за 5 минут,1
как быстро избавиться от стресса,1
йога шавасана,1
техника расслабления,1
#buddhaone,1
#buddha,1
#sacred,1
#knowlege,1
#science,1
#sound,1
369hz,1
963hz,1
сакральная геометрия,1
духовность и деньги,1
обучение йоге,1
школа йоги,1
самореализация,1
йогананда,1
крийя имрам,1
крийя йоги,1
крийя йоги практика,1
медитация на звук,1
медитация на дыхание,1
кундалини йога,1
йога утренняя,1
42 крийи,1
как правильно дышать,1
дыхание вима хофа,1
дыхание по бутейко,1
пранаямы для начинающих,1
как изменить дыхание,1
звук,1
судьба,1
личныйрост,1
самоосознание,1
внутреннийпрорыв,1
изменение,1
личноеразвитие,1
достижениевцелей,1
преображение,1
позитивноеискусство,1
самоутверждение,1
жизненнаяэнергия,1
внутреннееравновесие,1
самопроцветание,1
уверенность,1
реализациясебя,1
целостность,1
улучшениежизни,1
творчество,1
потенциал,1
внутренниймир,1
музыка для отдыха,1
сосредоточиться на учёбе,1
сосредоточиться на работе,1
расслабляющая музыка для сна,1
снятие стресса перед сном,1
звуки для сна космос,1
sleep therapy,1
sleep therapy music,1
total relax,1
total relaxation meditation,1
канал для отдыха,1
3hours,1
черный экран,1
не деньги,1
благодарности,1
от тревоги,1
симптомы,1
как справиться,1
напряжение,1
по джейкобсону,1
прогрессивная мышечная,1
паника,1
купировать,1
как снизить давление,1
народными способами,1
без лекарств,1
дома,1
шишонин,1
петрик,1
анна кореневич,1
евдокименко,1
комаровский,1
мамонтов,1
намик,1
открытие чакр,1
мантра для открытия чакры,1
чакра медитация,1
открытие чакр медитация,1
открытие чакр для начинающих,1
открытие чакры любви,1
медитация очищение чакр,1
медитация чакры раскрытие,1
мантра открывающая чакры,1
сахасрара,1
крия йога,1
муладхара,1
я самый счастливый человек,1
медитация на счастье,1
как стать счастливой,1
медитация на счастье и благополучие,1
медитация на счастливую жизнь,1
медитация счастливая жизнь,1
я могу все счастливая жизнь медитация,1
как стать счастливым человеком,1
я самый счастливый человек медитация,1
медитация я самый счастливый человек,1
как успокоить нервы,1
медитация для снятия стресса,1
как успокоить нервы и избавиться от стресса,1
семинар,1
наукатвоегоразума,1
силамыслитворитчудеса,1
управлениестрессом,1
настройсяналучшее,1
семинармосква,1
развитиемозга,1
трансформацияличности,1
семинары,1
духовныйрост,1
трансформациясеб,1
медитациямосква,1
тренировкамозга,1
саморазвитиеличности,1
медитациядлямозга,1
саморазвитиекаждыйдень,1
совершенство,1
исцелениедушиитела,1
трансформациясознания,1
духовныепрактики,1
трансформациясудьбы,1
сверхразум,1
управлениеэмоциями,1
доктордиспенза,1
drjoedispenza,1
созданиебудущего,1
елена малова,1
чилелавида,1
йога chilelavida,1
chilelavida,1
#кехо,1
джонкехо,1
johnkehoe,1
kehoe,1
keho,1
медитацiя перед сном,1
созависимые отношения психология,1
антидепрессант,1
мгновенное исполнение желаний,1
луч света,1
экспресс медитация,1
желания,1
медитация прощение себя. освобождение от вины. исцеление.,1
медитация прощение себя,1
освобождение от вины,1
прощение себя,1
медитация освобождения от вины,1
избавиться от вины,1
гипноз исцеление,1
гипноз исцеление от вины,1
гипноз прощение,1
медитация для спокойствия,1
медитация пробуждения,1
100% результат,1
долголетие,1
краски жизни,1
мощные аффирмации,1
мужчина,1
на каждый день,1
невеста,1
полюби себя,1
раскрепощение,1
секреты,1
секс,1
страстный секс,1
яркость,1
крепкий сон,1
средство от бессонницы,1
радостный сон,1
программирование перед сном,1
легкость,1
реализация желания,1
много денег,1
ритуал на деньги,1
заговор на деньги,1
медитация для повышения активности,1
медитация для повышения работоспособности,1
медитация от прокрастинации,1
медитация от синдрома отложенной жизни,1
синдром отложенной жизни,1
медитация от лени,1
ракицкий новое,1
как избавиться от лени,1
как побороть лень,1
как перестать прокрастинировать,1
я могу все канал,1
привлечь блага,1
блага вселенной,1
чудеса,1
счастливая реальность,1
благоприятная реальность,1
положительные изменения,1
подсознательная настройка,1
подсознательное программирование,1
привлечение желаемого,1
мастер крийя,1
настоящая медитация,1
ваша сила внутри вас,1
познай силу внутри своего тела,1
духовный потенциал,1
связь между телом и разумом,1
физическое и психическое благополучие,1
исцеляющие медитации.,1
внутренний потенциал,1
здоровье и благополучие,1
сознательность.,1
метод исполнения желаний,1
исполнить желание,1
как исполнить желание силой мысли,1
медитация на исполнение желания эффективная,1
как исполнить свое желание,1
исцеление ног медитация,1
квантовая медитация,1
вибрации здоровья,1
исцеление ног,1
исцеление сосудов вен,1
отеки,1
для здоровья сосудов ног,1
здоровья,1
матрицы иип,1
медитация для успопокния нервов,1
дзен и повышение вибраций,1
йога музыкальная терапия,1
meditation music relax mind body,1
healing meditation,1
deep meditation music,1
koshi bells,1
wind chimes music,1
гармонизация 7 чакр,1
для раскрытия всех чакр,1
медитация на чакры слушать,1
медитация на все чакры,1
муладхара чакра практика,1
вишудха чакра открытие,1
открытие сердечной чакры медитация,1
активация всех чакр за один сеанс,1
медитация настройка чакр,1
медитация настройка на день,1
проработка чакр,1
фасилитация,1
фасилитатор кундалини,1
фасилитатор,1
просмотр будущего,1
видеть будущее,1
предвидение,1
прорицание,1
ясновидение,1
узнать будущее,1
узнать судьбу,1
предсказывать,1
прогноз будущего,1
предсказание будущего,1
видения,1
вещий сон,1
контактёр,1
гадать онлайн,1
ближайшее будущее онлайн,1
узнать ближайшее будущее,1
узнать своё будущее,1
как увидеть будущее,1
узнать будущее онлайн,1
как предсказать будущее,1
reiki,1
deep sleep music,1
мантра исцеление,1
лабковский,1
стрелецкая,1
кризисный психолог,1
яровой,1
балацкая,1
рефлексия,1
дмитрий ковальчук,1
аффермации,1
благодарность родителям,1
день благодарности,1
благодарность дню,1
благодарность учителю,1
благодарность маме,1
благодарю,1
синельников,1
3-я чакра,1
скрытые возможности,1
организм,1
чакра солнечного сплетения,1
достижение цели,1
раскрытие чакры,1
внимание,1
избавление от проблем,1
разблокировка,1
энергетический центр,1
#вечерняя медитация,1
#очищение перед сном,1
#расслабление,1
#расслабление после тяжелого дня,1
#как расслабиться после тяжелого дня,1
#очищение после тяжелого дня,1
#отпускаем прошедший день,1
#завершение дня,1
#ритуал завершения дня,1
#медитации,1
#эльвира смирнова,1
#подсознание,1
#очищение,1
#крепкий сон,1
#спокойный сон,1
#расслабление перед сном,1
tedx на русском,1
ted лучшее,1
ted русская озвучка,1
тед на русском,1
ted talks,1
ted на русском,1
ted rus,1
ted 2020,1
тед,1
ted,1
ted новое,1
in cor cadit,1
тучный жаб,1
наука о медитации,1
вред медитации,1
медитация для снятия стресс,1
медитации диспензы,1
как избавиться от тревоги,1
асмр гипноз для сна,1
асмр голос,1
асмр помогу уснуть,1
сильный стресс,1
профилактика стресса,1
беларусь,1
стс,1
ctc,1
стс медиа,1
ctc media,1
ctctv,1
стс сериалы,1
стс онлайн,1
мощнейшая медитация - создание и активация новой реальности. кристальная пирамида. создай свой мир.,1
мощнейшая медитация - создание и активация новой реальности,1
кристальная пирамида,1
создай свой мир,1
мознейшая медитация,1
активация новой реальности,1
создай себе любой мир,1
управляемые медитации,1
медитация от боли,1
медитация дуйко,1
медитация андрей дуйко,1
медитация для детей,1
медитация каждый день,1
медитация дарья мэджик,1
медитация для исцеления,1
динамическая медитация,1
амрит крийя,1
медитация крийя,1
медитация имрам,1
амрита,1
гусли,1
медитация мир во всем мире,1
медитация единства,1
мир единство любовь медитация,1
медитация за мир,1
медитация за мир во всем мире,1
медитация обьединение,1
медитация которая изменит мир,1
медитация которая изменит жизнь,1
медитация которая изменила мою жизнь,1
ливанда новая медитация,1
исцеляющие медитации за мир,1
медитация против войны,1
евгений хонин,1
элан чудотворец,1
беспокойство,1
евгения стрелецкая,1
повысить самооценку,1
стать уверенным в себе,1
ирина хакамада,1
ассертивное поведение,1
низкая самооценка,1
как развить харизму,1
медитация привлечения денег,1
частота денег,1
привлечь богатство,1
asrm на деньги,1
практика осознанности,1
как медитировать дома,1
как остановить мысли,1
как научиться медитировать,1
медитировать с нуля,1
psixologiya,1
giza,1
giza markazi,1
giza centre,1
gizacentre,1
psixologiya darslari,1
psixolog,1
гиза,1
гиза маркази,1
наргизсаттарова,1
наргиз,1
саттарова,1
nargizsattarova,1
nargiz,1
sattarova,1
ruhshunos,1
ruxshunos,1
йога онлайн,1
хатха йога,1
hatha yoga,1
yoga teacher,1
online yoga,1
yoga lesson,1
yoga practice,1
практика йоги,1
йога для всех,1
shavasana,1
как быстро уснуть,1
йоганидра,1
медитация 2021,1
медитация многомерное расширение сознания,1
медитация на повышения вибраций,1
медитация удаления старых программ,1
медитация перепрограммирование старых программ,1
медитация убрать негативные мысли,1
медитация переход в 5д,1
медитация расширение,1
медитация источник,1
как вернуться в источник,1
медитация поток,1
медитация матрица здоровья,1
божественная матрица здоровья,1
сосуды головного мозга,1
исцеление сердечно-сосудистой системы,1
исцеление сердечной чакры,1
медитация исцеление сердца,1
исцеление сердца вен и сосудов,1
исцеление сосудов головного мозга,1
рейки исцеление,1
медитация создание новой реальности,1
выход из системы страданий и ограничений,1
медитация новая реальность,1
как изменить свою реальность,1
медитация реальность,1
исцеляющие медитации ливанда,1
элан музыка медитация,1
reality expansion meditation,1
meditation creating reality,1
meditation reality,1
медитация в шавасане,1
расслабление в шавасане,1
медитация голосом,1
йога с вероникой,1
медитация в йоге,1
как медитировать в шавасане,1
дыхание в шавасане,1
медитация против стресса,1
антистресс медитация,1
медитация от панических атак,1
приступ паники,1
приступ паники что делать,1
паническая атака,1
панический страх,1
панические атаки лечение,1
медитация панические атаки,1
медитация от панических атак и тревоги,1
музыка от панических атак,1
медитация при панических атаках,1
most powerful third eye opening meditation,1
evolution of consciousness,1
consciousness,1
third eye opening,1
third eye opening meditation,1
third eye opening frequency,1
third eye activation,1
third eye chakra,1
open third eye,1
open third eye instantly,1
open third eye frequency,1
open third eye meditation,1
чакра третьего глаза,1
аджна,1
золотое сечение,1
лена_матюхина,1
медитация 5 минут утром,1
медитация позитив,1
утренняя медитация 5 мину,1
вегетативная нервная система,1
спинной мозг,1
первая медитация,1
большая медитация,1
пульсар,1
ритуал,1
медитация когда плохо,1
медитация когда страшно,1
возвращение к себе,1
первая медитация новой эры,1
я настоящий,1
tochka.li,1
nurlan muratkali,1
elvira muratkali,1
точка ли,1
нурлан мураткали,1
эльвира мураткали,1
олег гадецкий,1
олег,1
гадецкий,1
п3000,1
психология третьего тысячелетия,1
практическая психология,1
детство,1
медитация исцеление чакральной системы. путешествие в мир баланса. исцеление световыми потоками.,1
медитация исцеление чакральной системы,1
исцеление световыми потоками,1
медитация исцеления чакр,1
световые цивилизации,1
трансцендентальная медитация,1
как открыть сердце,1
сердце любовь,1
мантра любви слушать,1
мощная мантра любви,1
мантра любви очень мощная,1
мантры для привлечения любви,1
мантра любви онлайн,1
мантры любви слушать онлайн,1
мантра любви и нежности слушать,1
мантра нежности,1
мантра нежность слушать,1
мантра любовь,1
невилл годдард,1
по вашему приказу,1
сила сознания невил годард,1
техники исполнения желаний,1
практика визуализации,1
супер метод д.мерфи и н. годдарда для исполнения желания,1
невилл годдард сила,1
невилл годдард сила сознания,1
визуализация невилла годдарда,1
техника визуализации,1
невил годдард визуализация,1
визуализация желаний,1
с чего начать саморазвитие,1
драгоценная жемчужина невилл,1
сила воображения,1
исполнить желание моментально,1
как медитировать дома для начинающих,1
медитация на освобождение от негатива,1
медитация от страхов,1
медитация от тревоги стресса,1
belinskaia,1
медитация на успокоение,1
спокойная музыка для сна,1
евгения белинская,1
шавасана на ночь,1
шавасана для,1
расслабляющая медитация,1
расслабляющая медитация перед сном,1
шавасана будникова,1
meditation svetla ivanova,1
медитация със светла иванова,1
анти-вирус медитация,1
анти-стрес медитация,1
светла иванова,1
светла иванова йога,1
joga,1
йога със светла иванова,1
йога за всички,1
yoga for everyone,1
yoga for everybody,1
yoga for complete beginners,1
anti-stress,1
muzic for relax,1
анти-стрес,1
анти-стрес музика,1
успокаивающая медитация,1
john kehoe,1
джон кехо подсознание может все,1
бесплатно джон кехо,1
джон кехо онлайн,1
джон кехо видео,1
джон кехо смотреть онлайн,1
джон кехо тренинги смотреть,1
джон кехо видео смотреть,1
джон кехо лекции видео,1
подсознание может все онлайн,1
подсознание как изменить жизнь,1
мысль сила,1
сила разума,1
развитие силы разума,1
медитация ангел вдохновения,1
ангелотерапия откроет силу небесных сфер,1
свет,1
поток энергии,1
реализцаия предназначения,1
лечение светом,1
медитация садхгуру,1
медитация земли,1
спасем почву,1
спасение почвы,1
спасение земли,1
глобальные проблемы,1
глобальные вызовы,1
осознанная планета,1
элемент земли,1
бутта шудхи,1
пять элементов,1
медитация для энергии,1
sana,1
сана,1
sana alsbey,1
sanaalsbey,1
@sanaalsbey,1
сана алсбей,1
vlog,1
vlogger,1
влог,1
влогър,1
sana • yoga,1
sana yoga,1
sanayoga,1
#sanayoga,1
сана • йога,1
сана йога,1
санайога,1
#санайога,1
започни йога,1
start yoga,1
как да медитирам,1
медитация панчакоша,1
панчакоша,1
how to meditate,1
сутрешна медитация,1
медитация за напреднали,1
медитация за щастие,1
медитация за всеки,1
чоко медитация,1
медитация чоко,1
водена медитация чоко,1
vodena meditaciq,1
choko meditaciq,1
meditaciq za suznanie,1
отваряне на съзнание,1
медитация за трето око,1
чоко скритата реалност,1
skritata realnost,1
choko,1
медитация исполнения всех желаний! всё сбудется! просто слушай!,1
мдеитация исполнения всех желаний,1
всё сбудется,1
просто слушай,1
медитации слово илая,1
мечтай,1
все исполнится,1
аффирмации для сна,1
медитация для исполнения жеданий,1
медитация новой реальности,1
новая реальность медитация,1
медитация: ключ к желаемым изменениям,1
медитация сердца,1
наполнение сердца любовью,1
медитация анахата,1
медитация сердечной чакры,1
мантра благодарю тебя,1
мантра я люблю тебя,1
повышение вибрации сердца,1
медитация наполненности,1
раскрытие сердца,1
мужчина захочет тебя видеть,1
отношения мужчины и женщины,1
что сделать чтобы мужчина захотел тебя видеть,1
что сделать чтобы мужчина захотел тебя увидеть,1
что сделать чтобы мужчина захотел вас увидеть,1
что сделать чтобы мужчина захотел вас увидеть медитация,1
что сделать чтобы мужчина захотел тебя увидеть медитация,1
что сделать чтобы мужчина хотел видеть вас,1
медитация чтобы мужчина хотел вас видеть,1
медитация для того чтобы мужчина захотел вас увидеть,1
сила притяжения,1
молитва богородице,1
талисман,1
очистка дома,1
гц звук,1
бинауральный ритм,1
медитация отключит мысли,1
как убрать мысли,1
как отключить мысли,1
как избавиться от негативных мыслей,1
как остановить негативные мысли,1
как отключить мысли в медитации,1
утренняя медитация позитивная энергия,1
медитация майндфулнесс,1
как повысить самоценность,1
самоценность,1
самоценность как стиль жизни,1
как поднять самооценку женщине,1
самооценка и самоценность,1
самоуважение,1
самооценка психология,1
самооценка психотерапия,1
самоценность медитация,1
как принять себя,1
как стать уверенным,1
медитации мастер звуки для медитации - здоровье и благополучие,1
музыка для работы снятие стресса,1
гармонизация сознания,1
дзен музыка,1
дзен саунд,1
музыка для концентрации внимания,1
432 hz music,1
binaural beats meditation,1
delta waves music,1
relaxing meditation music,1
глубокое расслабление музыка,1
музыка чтобы отключить мысли,1
преимущества медитации,1
таблетка саморазвития медитация,1
медитация это,1
медитация что это,1
таблеткасаморазвития,1
таблетка саморазвития,1
frontways,1
pillfrontways,1
зачем медитировать,1
зачем нужна медитация,1
размышление,1
медитативная практика,1
happiness,1
медитация польза,1
как и зачем медитировать,1
зачем нужно медитировать,1
мачете,1
news time,1
исцелить самого себя,1
целительная медитация,1
тайна жрицы,1
тайна жрицы медитация,1
тайна жрицы юлиана,1
айа,1
айа поток света,1
поток света и любви,1
источник,1
алхимия сердца,1
сердце,1
открыть сердце,1
расширение сознания медитация,1
медитация расширения,1
медитация заспиване,1
медитация щастие,1
медитация при депресия,1
хипноза за депресия,1
невролингвистично програмиране,1
позитивно мислене,1
йога за сън,1
медитация тревожност,1
медитация при страх,1
панически атаки,1
самохипноза оздравяване,1
осма чакра,1
портал,1
мастер вселена,1
работа ума,1
кто я,1
поза для медитации,1
сконцентрироваться,1
медитация на каждый день,1
медитация для начинающих 15 минут,1
медитация для начинающих проще некуда,1
онлайн обучение,1
йога и медитация,1
здесь и сейчас,1
суть медитации,1
техники медитации,1
никита метелица,1
техника дыхания,1
дыхательное упражнение,1
медитация шавасана,1
утренние продышки,1
утренняя практика,1
духовная музыкa,1
исцеление зрения,1
глаза,1
частоты вознесения,1
медитация вечерняя,1
где лучше медитировать,1
шавасана поза,1
шавасана видео,1
шавасана аудио (слушать онлайн),1
шавасана без музыки,1
шавасана глубокое расслабление,1
шавасана глубокий сон,1
шавасана инструкция,1
йога шавасана слушать,1
шавасана как делать,1
шавасана классическая,1
шавасана короткая,1
шавасана медитация,1
шавасана онлайн,1
шавасана поза трупа,1
релаксация шавасана,1
расслабляющая шавасана,1
шавасана техника,1
шавасана 15 минут,1
шавасана 20 минут,1
шавасана 10 минут,1
шавасана со словами,1
сила медитации,1
осознанность мыслей,1
как побороть стресс,1
как снизить стресс,1
как справится со стрессом,1
как победить стресс,1
успешные люди,1
пинтосевич,1
ицхак,1
усталость,1
связь с родом,1
музыка медитация,1
коловрат,1
славянская музыка,1
колокола,1
музыка гонг,1
этническая музыка,1
музыка для счастья,1
медитация род,1
восстановление рода,1
мантра дня,1
дыхательная гимнастика,1
как успокоиться быстро,1
дыхательные упражнения,1
медитация на гармонизацию души и сознания,1
излечи душу,1
enhance positive energy,1
enhance self love,1
miracle healing frequency,1
528hz miracle healing,1
528hz miracle healing frequency,1
healing frequency music,1
healing miracle music,1
528hz positive energy,1
528hz music,1
uplifting music,1
enhance healing music,1
positive healing energy,1
positive energy healing,1
self love 528hz,1
self love music,1
enhance self love music,1
positive energy music,1
healing energy 528hz,1
healing frequency 528hz,1
yantra uma,1
relax spa,1
15 минут медитации,1
музыка ветра,1
духовная музыка,1
музыка для медитации 15 минут,1
музыка для погружения в себя,1
повышение вибраций,1
koshi chimes,1
wind chimes,1
koshi,1
koshi meditation,1
chimes meditation,1
боги,1
славяне,1
русь,1
николай левашов,1
лада,1
золотая магия,1
амулеты,1
энергетическая зацита,1
миргарад,1
зкмля,1
жива,1
валентина когут,1
школа жизни,1
архангелы,1
архангел уриил,1
иисус,1
христос,1
радомир,1
святозара,1
велес,1
пирун,1
благодарность,1
божественная любовь,1
земная школа,1
индия,1
россия,1
руссина,1
свобода,1
светлые боги,1
явь,1
навь,1
славь,1
правь,1
поддержка высших сил,1
#таңғымедитация,1
#утренняямедитация,1
медитация для хорошего настроения,1
#жақсыкөңілкүй,1
#kamilatalgatkyzy,1
медитация на казахском,1
#қазақшамедитация,1
қазақстан,1
#meditation,1
#сабырлылық,1
қазақша таңғы медитация!,1
көңіл-күйді көтеруге арналған 6 минут медитация,1
регресия,1
връщане в минал живот,1
имрам йога,1
совместная медитация,1
когда лучше всего медитировать,1
лучшее время для медитации,1
лучшее время для духовной практики,1
познание себя,1
крийя нидра,1
техники глубокого расслабления,1
обучение,1
мир душ,1
тонкий план,1
программа человека,1
биоэнергеника,1
анахата,1
медитация на мир,1
исцеление музыкой,1
окружающий мир,1
анахата чакра,1
чакра мира,1
балансировка анахаты,1
балансировка чакр,1
как избавиться от комплексов,1
anahata chakra,1
chakras,1
how to change your life,1
баня под ключ,1
польза бани для,1
баня,1
баничев,1
баня своими руками,1
баня под ключ москва,1
проект бани,1
оббивка стен бани,1
фундамент бани,1
баня купить питер,1
баня купить тюмень,1
баня по уму,1
баня 3х5,1
отзыв баня баничев,1
купить баню москва,1
купить баню питер,1
живая русская баня,1
ефремовская баня,1
ефрембаня,1
лучшая баня,1
печное оборудование,1
планировка бани,1
отзыв о бане,1
баничев отзыв,1
тюмень баня,1
москва баня купить,1
метод достижения целей,1
изменить свою жизнь,1
день в потоке,1
настройка на день,1
утренняя медитация хмеловская,1
магия утра,1
медитация в подарок,1
что подарить маме на 8 марта,1
подарок девушке,1
аффирмации лина,1
лина саблиминал,1
медитация лина,1
тренды весна лето 2023,1
музыка для сна без рекламы,1
успокаивающая музыка для сна,1
частота исцеление,1
вумен инсайт,1
светлана керимова,1
керимова,1
woman insight,1
медитация когда истощена и нет сил,1
медитация возвращения энергии,1
лучшая медитация возвращения энергии,1
нет сил ни на что,1
нет энергии,1
верни свою энергию,1
верни свою энергию и силу,1
мощная практика для исцеления женской энергии,1
глубокая медитация на возвращение своей энергии,1
верни свою энергию силой мысли,1
восстановление энергии,1
обретение жизненной силы,1
исцеление сердечно сосудистой системы,1
сердечная чакра,1
личностно развитие,1
духовно израстване,1
mindfulness meditation,1
езотерика,1
awareness meditation,1
meditacia,1
meditating,1
ezoterika,1
астрология,1
ванеса виденова,1
vizualizaciq,1
сбъдване на желания,1
джо диспенза медитация на български,1
джо диспенза бг аудио,1
осъзнато творене,1
академия щастлив живот,1
милена голева медитация,1
мощное омоложение организма,1
медитация омоложения клеток,1
омоложение организма,1
омоложение,1
исцеление и омоложение во сне,1
исцеление и омоложение,1
регенерация клеток,1
матрица исцеления,1
исцеление рейки,1
сеанс очищения,1
сеанс исцеления,1
сеанс исцеления рейки,1
сеанс исцеления от всех болезней,1
ангел исцеления,1
релаксиране на стрес,1
стресиран ума,1
отпускане,1
релаксиране,1
почивка за ума,1
как да спра да мисля,1
как да се освободя от тревожни мисли,1
искам да спра да мисля,1
стрес,1
намаляване на стреса,1
емоционално здраве,1
майндфулнес,1
въърешна тишина,1
вътрешен баланс,1
вътрешна хармония,1
релаксиране на ума,1
почивка от стрес,1
тишина в ума,1
что будет,1
биология,1
медицина,1
научпоп,1
анатомия,1
комедия,1
анимация,1
смешно,1
мультфильм,1
анимированный,1
шаранутый космос,1
желудок,1
лёгкие,1
простой способ,1
прокачать мозг,1
трансцендентность,1
нирвана,1
успокоится,1
гнев,1
злость,1
ярость,1
контроль эмоций,1
как контролировать,1
как сдерживать,1
дзен медитация,1
музыка для глубокого сна и восстановления сил,1
спокойная музыка для медитации и снятия стресса,1
синхронизация чакр,1
коронная чакра,1
космическая энергия,1
практика рейки,1
медитация для гармонии,1
духовное прозрение,1
медитация для благополучия,1
духовное пробуждение,1
медитация для сознательности,1
практика саморазвития,1
медитация для улучшения энергии,1
духовное просветление,1
суфийские практики,1
суфийская музыка,1
видео суфийское,1
суфийские техники,1
суфийская медитация,1
суфийская поэзия,1
мантра очищения и умиротворения,1
мантра очищения кармы,1
мантры очищения онлайн,1
кундалини-энергия,1
кундалини-медитация,1
пробудите кундалини,1
активация кундалини,1
поток кундалини,1
энергия кундалини,1
музыка для кундалини,1
музыка для активации кундалини,1
частота активации кундалини,1
бинауральные биения активации кундалини,1
мантра активации кундалини,1
медитация для активации кундалини,1
медитация для пробуждения кундалини,1
медитация с потоком кундалини,1
сакральная чакра,1
сексуальная чакра,1
лунная медитация,1
медитации нвб,1
лисичин сергей константинович,1
денежный магнит: медитация на привлечение денег,1
наталия ладини,1
22 кода,1
диагностика предназначения,1
22 энергии,1
22 аркана,1
матрица судьбы,1
диагностика по дате рождения,1
мужчина и женщина,1
психология пары,1
любовь и отношения,1
6 аркан,1
6 код,1
6 энергия,1
карма отношений,1
любовная карма,1
наталья ладини,1
медитация принятие себя,1
принятие себя,1
принять своё тело,1
прощение и принятие себя,1
медитация на принятие себя,1
медитация путь к себе,1
медитация принятия себя,1
медитация внутренняя тишина,1
внутренняя тишина,1
медитация развитие интуиции,1
развитие интуиции,1
медитация для интуиции,1
медитация для интуиции и ясновиденья,1
исцеляющая музыка рейки - гармонизация сознания,1
лечебная космическая музыка,1
лечебная музыка от всех болезней,1
мантра любви и исполнения желаний,1
мантра ганеши мантра денег,1
мантра луны,1
руслан габец,1
игорь андреев,1
космомаг,1
прохорцева медитации,1
зарядиться радостью,1
поднятие настроения,1
relaxmusic,1
healing meditation music,1
meditation music chill,1
nature sound,1
meditation for healing,1
music for healing,1
meditation and healing,1
музыка со звуками природы,1
anton monk,1
медитация я есть,1
тибетские,1
мощный настрой на день,1
медитация на заряд энергии,1
медитация энергия земли,1
медитация на баланс,1
утренняя медитация создание идеального дня,1
очисти тонкие тела и чакры,1
за что отвечают чакры,1
чистка от негатива онлайн,1
асмр чистка от негатива,1
очищение пространства,1
звон колоколов очищение пространства,1
снять порчу,1
порча,1
фидря юрий,1
контактер фидря юрий,1
квантове исцеление,1
пятое измерение,1
плеяды,1
квантовый переход,1
контакт с высшим я,1
контактер с инопланетянами,1
академия альцион,1
планетарные медитации,1
земля плоская,1
истинная форма земли,1
галактическая федерация света,1
аштар шеран,1
преодоление стресса,1
неврозы,1
психическое благополучие,1
эмоциональное здоровье,1
умиротворение,1
психологическое благополучие,1
психическое здоровье,1
стрессовое состояние,1
управление эмоциями,1
практика ментального здоровья,1
эмоциональная гармония,1
самоуспокоение,1
улучшение самочувствия,1
забота о себе,1
здоровый образ жизни,1
чистка от негатива,1
чистка от порчи,1
снять поррчу,1
снять магию,1
мантра оздоровления,1
гипноз на здоровье,1
гипноз на исцеление,1
гипноз на оздоровление,1
снять порчу яйцом,1
молитва на исцеление,1
молитва на удачу,1
#parapsichologia,1
#yangidavrtabibi,1
#masofadashifolash,1
омоложение тела,1
вернуть молодость,1
слушать медитацию,1
вегетативной нервной системы,1
исцеление тканей,1
исцеление психики,1
аффирмации на исцеление,1
сверхсостояние,1
сверхсостояния,1
сверхспособности,1
состояние души,1
что такое сверхсостояние?,1
сверхсостояние и его свойства,1
достижение сверхсостояния,1
сверхспособности человека и как их развить,1
как развить в себе сверхспособности,1
невероятные способности,1
развить сверхспособности,1
активация сверхспособностей,1
музыка для активации сверхсостояния,1
йога-нидра журавлев,1
йога-нидра бойко,1
йога бойко,1
успокоить нервы,1
тревожность,1
от стресса,1
против стресса,1
стать спокойным,1
избавится от тревоги,1
избавиться от напряжения,1
ресурсный транс,1
ресурсная медитация,1
гипнотерапевт рогова,1
гипнотерапия онлайн,1
эриксонианский гипноз,1
чакра манипура,1
внутренний огонь,1
личная сила,1
видео медитация без слов,1
исцеляющая сила внутреннего огня,1
рейки для чакры манипуры,1
активация чакры манипуры,1
исцеление чакры манипуры,1
рейки для солнечного сплетения,1
медитация для солнечного сплетения,1
рейки-медитация для личной силы и уверенности,1
рейки-медитация для пробуждения потенциала,1
рейки-медитация для чакр,1
рейки-медитация для гармонии и баланса,1
рейки-медитация для успеха и достижений,1
шива,1
ом намах шивайя,1
om namah shivaya,1
мантра шивы,1
очищение дома,1
чистка дома,1
снятие порчи,1
как снять порчу,1
снятие страхов,1
mantra shiva,1
кундалини медитация,1
кундалини практика,1
практика кундалини йоги,1
кундалини йога для начинающих,1
йога кундалини,1
уроки кундалини йоги,1
медитация за вътрешен мир,1
медитация за баланс,1
медитация за приемане,1
медитации за здраве,1
марафонжеланий,1
благосостояние,1
причина плохого зрения,1
правильный пальминг,1
пальминг как правильно делать,1
метод бейтса не работает,1
методы зрения,1
пальминг,1
пальминг для глаз,1
пальминг глаз,1
пальминг это,1
как избавиться от очков,1
близорукость,1
как улучшить зрение,1
метод бейтса,1
для улучшения зрения упражнения,1
восстановление зрения без операции,1
как улучшить зрение по методу бейтса,1
#хоопонопоно #молитва,1
исцеление позвоночника и суставов,1
оздоровление позвоночника,1
боль в спине,1
снятие боли в спине,1
медитация на спокойствие,1
медитация на успех и удачу,1
утренняя медитация наполнение энергией,1
медитация исполнение желаний,1
матрица здоровья,1
исцеление органов,1
лечебный сеанс,1
медитация исцеление внутренних органов,1
музыка исцеление,1
музыка оздоровление,1
исцеление звуком и словом,1
исцеление всего тела,1
регенерация днк,1
музыка днк 528 гц,1
частота исцеления,1
александр шепс,1
битва экстрасенсов,1
покой,1
танец сердца,1
дух душа тело,1
свами даши,1
sergey bars,1
сергей барс,1
с шаманским бубном,1
dance moms full episodes,1
abby lee miller,1
dance moms clips,1
медитация на исполнение желания во сне,1
медитация на исполнение желания за 1 день,1
медитация на исполнение желания без слов,1
медитация на исполнение желания сила в мысли,1
медитация на исполнение желания джо диспенза,1
медитация на исполнение мечты,1
медитация на исполнение желания алекса оник,1
исполнение желаний медитация,1
исполнение желаний музыка,1
медитация летнее солнцестояние,1
медитация расцвета природы,1
ритуал силы,1
ивана купала,1
21 июня,1
7 июля,1
медитация стихий,1
медитация лета,1
медитация элементов природы,1
медитация духа,1
медитация рода,1
шаманская медитация,1
медитация наполнения силы,1
языческий праздник,1
летний солнцеворот,1
лита праздник,1
медитация на ивана купала,1
ритуал ивана купала,1
огонь,1
вода,1
воздух,1
земля,1
как провести ивана купала,1
что делать на купала,1
2024,1
ольга сорокина астролог,1
медитация наполнение энергией,1
медитация +на солнце,1
медитация связи +с солнцем,1
медитация +на уверенность +в +себе,1
медитации слушать бесплатно,1
астрология медитация,1
+как прокачать солнце,1
мантра абсолюта,1
мощная мантра,1
мантра очищения,1
мантры защиты,1
мантры от невзгод,1
сильные мантры,1
мантры счастья,1
мантры мира,1
мантры слушать,1
мантры слушать онлайн,1
мантры слушать бесплатно,1
мантры очищения ауры,1
мантры слушать бесплатно онлайн,1
духовные мантры,1
ом чантинг,1
мантры и медитации,1
мантры видео,1
mantra om,1
медитация с мантрой ом,1
ханг,1
хендпан,1
тетахилинг,1
тета хелинг,1
handpan,1
медитация за лечение,1
медитация за изцеление,1
да се излекуваме,1
лечебна медитация,1
как да се излекувам,1
здраве,1
простая медитация на здоровье,1
оздоровительные медитации,1
как правильно делать медитации,1
как делать медитации,1
заряд бодрости,1
всего 5 минут,1
shorts,1
очистка ума,1
удаление негативных программ,1
медитация исцеление нервной системы,1
как успокоить ум,1
музыка успокаивает нервную систему,1
медитация без слов 10 минут,1
медитация без слов перед сном,1
медитация для восстановления энергии,1
аффримации для сна,1
аффирмации от бессонницы,1
нежная музыка,1
отличная музыка,1
расслабляться,1
восстанавливает,1
спа,1
relax melody,1
relaxmelody,1
суперфеникс медитация,1
близкий шепот,1
триггеры,1
ролевая игра,1
roleplay,1
визуальные триггеры,1
cosplay,1
косплей,1
тихий голос,1
киберпанк,1
cyberpunk,1
робот,1
robot,1
пранаямы,1
энергонаполняющие практики,1
энергопракитики,1
железная рубашка,1
кремень,1
казачий спас,1
прана,1
питание праной,1
ощелачивание,1
иллюзия,1
майя,1
дао,1
спас,1
тибетская йога,1
йога сиддхов,1
здравотел,1
сенситив,1
ретриты,1
детокс,1
цигун для глаз,1
замасливание организма,1
сухожильная гимнастика,1
руническая гимнастика,1
тибетская йога сна и сновидений,1
синг шен джуан,1
даниилзуев,1
что такое концентрация,1
как научится медитировать,1
в чем польза медитации,1
в чем польза концентрации,1
излечение заболевания,1
женское здоровье,1
как управлять энергией,1
предназначение,1
макпалкарибжанова,1
5элемент,1
энергия пробуждения,1
программа 5 элемент,1
макпал,1
карма и сознание,1
самадхи,1
миллионер,1
иметь все о чем вы мечтаете это нормально,1
почему желания не сбываются,1
астрологический прогноз на год,1
джойтиш,1
ванга,1
послание от,1
кармические связи,1
предсказатели,1
сатгуру,1
сатсанг,1
как достичь просветления,1
как материализовать мысли,1
канал lee,1
послание из будущего,1
автор lee,1
ностардамус,1
исцеление во время сна,1
исцеляющая музыка рейки,1
исцеляющий саблиминал,1
саблиминал исцеления,1
источник исцеления,1
восстановление здоровья,1
злорадство,1
недоброжелательность,1
злоба,1
зависть,1
насмешка,1
ехидство,1
чужое горе,1
неудача других,1
падение врага,1
несчастье ближнего,1
мстительность,1
злопамятство,1
злорадный,1
недоброжелательный,1
завистливый,1
мстительный,1
злопамятный,1
ехидный,1
радоваться чужому горю,1
смеяться над чужой бедой,1
коварство,1
низость,1
негативные эмоции,1
темная сторона человека,1
моральное падение,1
духовная слепота,1
кармические последствия,1
бумеранг судьбы,1
искажение души,1
эгоизм,1
отсутствие сострадания,1
больше чем возможно,1
медитация благодарности перед сном,1
медитация благодарности утром,1
медитация благодарности вселенной,1
медитация для,1
начать медитировать,1
джо диспенза сила подсознания,1
джо диспенза как изменить жизнь,1
dr joe dispenza,1
сверхъестественный разум,1
территория тишины,1
маримба музыка,1
частота 639 гц,1
положительная энергия,1
звуки маримбы,1
музыка для успокоения,1
звуки маримбы для медитации,1
звуки маримбы для релаксации,1
маримба 639 гц,1
639 гц,1
целительная частота,1
внутренняя гармония,1
частота 777 гц,1
антистресс музыка,1
йога музыка,1
музыка для концентрации,1
эмоциональное равновесие,1
музыка для ума,1
ментальное здоровье,1
звуковое исцеление,1
какстатьсчастливым,1
исполнениежеланий,1
какизменитьсвоюжизнь,1
саморазвитиелучшее,1
цитаты,1
аудиокниги,1
книги,1
новаяжизнь,1
какстатьуспешным,1
бизнес,1
управлениесудьбой,1
финансы,1
легкиеденьги,1
какначатьзарабатывать,1
бизнессекреты,1
статьуспешным,1
силавмысли,1
развитиесилыразума,1
силаразума,1
разум,1
новая норма,1
высший я,1
как стать здоровым,1
новая норма джо диспенза,1
